Part,Chapter,Article,Provision
PART 1: THE UNION AND ITS TERRITORY,,Article 1,Name and territory of the Union.
PART 1: THE UNION AND ITS TERRITORY,,Article 2,Admission or establishment of new States.
PART 1: THE UNION AND ITS TERRITORY,,Article 2A,[Omitted.]
PART 1: THE UNION AND ITS TERRITORY,,Article 3,"Formation of new States and alteration of areas, boundaries or names of existing States."
PART 1: THE UNION AND ITS TERRITORY,,Article 4,"Laws made under articles 2 and 3 to provide for the amendment of the First and the Fourth Schedules and supplemental, incidental and consequential matters."
PART 2: CITIZENSHIP,,Article 4,Citizenship at the commencement of the Constitution.
PART 2: CITIZENSHIP,,Article 5,Rights of citizenship of certain persons who have migrated to India from Pakistan.
PART 2: CITIZENSHIP,,Article 6,Rights of citizenship of certain migrants to Pakistan.
PART 2: CITIZENSHIP,,Article 7,Rights of citizenship of certain persons of Indian origin residing outside India.
PART 2: CITIZENSHIP,,Article 8,Persons voluntarily acquiring citizenship of a foreign State not to be citizens.
PART 2: CITIZENSHIP,,Article 9,Continuance of the rights of citizenship.
PART 2: CITIZENSHIP,,Article 10,Parliament to regulate the right of citizenship by law.
PART 3: FUNDAMENTAL RIGHTS,,Article 12,Definition.
PART 3: FUNDAMENTAL RIGHTS,,Article 13,Laws inconsistent with or in derogation of the fundamental rights.
PART 3: FUNDAMENTAL RIGHTS,,Article 14,Equality before law.
PART 3: FUNDAMENTAL RIGHTS,,Article 15,"Prohibition of discrimination on grounds of religion, race, caste, sex or place of birth."
PART 3: FUNDAMENTAL RIGHTS,,Article 16,Equality of opportunity in matters of public employment.
PART 3: FUNDAMENTAL RIGHTS,,Article 17,Abolition of Untouchability.
PART 3: FUNDAMENTAL RIGHTS,,Article 18,Abolition of titles.
PART 3: FUNDAMENTAL RIGHTS,,Article 19,"Protection of certain rights regarding freedom of speech, etc."
PART 3: FUNDAMENTAL RIGHTS,,Article 20,Protection in respect of conviction for offences.
PART 3: FUNDAMENTAL RIGHTS,,Article 21,Protection of life and personal liberty.
PART 3: FUNDAMENTAL RIGHTS,,Article 21A,Right to education.
PART 3: FUNDAMENTAL RIGHTS,,Article 22,Protection against arrest and detention in certain cases.
PART 3: FUNDAMENTAL RIGHTS,,Article 23,Prohibition of traffic in human beings and forced labour.
PART 3: FUNDAMENTAL RIGHTS,,Article 24,"Prohibition of employment of children in factories, etc."
PART 3: FUNDAMENTAL RIGHTS,,Article 25,"Freedom of conscience and free profession, practice and propagation of religion."
PART 3: FUNDAMENTAL RIGHTS,,Article 26,Freedom to manage religious affairs.
PART 3: FUNDAMENTAL RIGHTS,,Article 27,Freedom as to payment of taxes for promotion of any particular religion.
PART 3: FUNDAMENTAL RIGHTS,,Article 28,Freedom as to attendance at religious instruction or religious worship in certain educational institutions.
PART 3: FUNDAMENTAL RIGHTS,,Article 29,Protection of interests of minorities.
PART 3: FUNDAMENTAL RIGHTS,,Article 30,Right of minorities to establish and administer educational institutions.
PART 3: FUNDAMENTAL RIGHTS,,Article 31,[Omitted.]
PART 3: FUNDAMENTAL RIGHTS,,Article 31A,"Saving of Laws providing for the acquisition of estates, etc."
PART 3: FUNDAMENTAL RIGHTS,,Article 31B,Validation of certain Acts and Regulations.
PART 3: FUNDAMENTAL RIGHTS,,Article 31C,Saving of laws giving effect to certain directive principles.
PART 3: FUNDAMENTAL RIGHTS,,Article 31D,[Omitted.]
PART 3: FUNDAMENTAL RIGHTS,,Article 32,Remedies for enforcement of rights conferred by this Part.
PART 3: FUNDAMENTAL RIGHTS,,Article 32A,[Omitted.]
PART 3: FUNDAMENTAL RIGHTS,,Article 33,"Power of Parliament to modify the rights conferred by this Part in their application to Forces, etc."
PART 3: FUNDAMENTAL RIGHTS,,Article 34,Restriction on rights conferred by this Part while martial law is in force in any area.
PART 3: FUNDAMENTAL RIGHTS,,Article 35,Legislation to give effect to the provisions of this Part.
PART 4: DIRECTIVE PRINCIPLES OF STATE POLICY,,Article 36,Definition.
PART 4: DIRECTIVE PRINCIPLES OF STATE POLICY,,Article 37,Application of the principles contained in this Part.
PART 4: DIRECTIVE PRINCIPLES OF STATE POLICY,,Article 38,State to secure a social order for the promotion of welfare of the people.
PART 4: DIRECTIVE PRINCIPLES OF STATE POLICY,,Article 39,Certain principles of policy to be followed by the State.
PART 4: DIRECTIVE PRINCIPLES OF STATE POLICY,,Article 39A,Equal justice and free legal aid.
PART 4: DIRECTIVE PRINCIPLES OF STATE POLICY,,Article 40,Organisation of village panchayats.
PART 4: DIRECTIVE PRINCIPLES OF STATE POLICY,,Article 41,"Right to work, to education and to public assistance in certain cases."
PART 4: DIRECTIVE PRINCIPLES OF STATE POLICY,,Article 42,Provision for just and humane conditions of work and maternity relief.
PART 4: DIRECTIVE PRINCIPLES OF STATE POLICY,,Article 43,"Living wage, etc., for workers."
PART 4: DIRECTIVE PRINCIPLES OF STATE POLICY,,Article 43A,Participation of workers in management of industries.
PART 4: DIRECTIVE PRINCIPLES OF STATE POLICY,,Article 43B,Promotion of co-operative societies.
PART 4: DIRECTIVE PRINCIPLES OF STATE POLICY,,Article 44,Uniform civil code for the citizens.
PART 4: DIRECTIVE PRINCIPLES OF STATE POLICY,,Article 45,Provision for early childhood care and education to children below the age of six years.
PART 4: DIRECTIVE PRINCIPLES OF STATE POLICY,,Article 46,"Promotion of educational and economic interests of Scheduled Castes, Scheduled Tribes and other weaker sections."
PART 4: DIRECTIVE PRINCIPLES OF STATE POLICY,,Article 47,Duty of the State to raise the level of nutrition and the standard of living and to improve public health
PART 4: DIRECTIVE PRINCIPLES OF STATE POLICY,,Article 48,Organisation of agriculture and animal husbandry.
PART 4: DIRECTIVE PRINCIPLES OF STATE POLICY,,Article 48A,Protection and improvement of environment and safeguarding of forests and wild life.
PART 4: DIRECTIVE PRINCIPLES OF STATE POLICY,,Article 49,Protection of monuments and places and objects of national importance.
PART 4: DIRECTIVE PRINCIPLES OF STATE POLICY,,Article 50,Separation of judiciary from executive.
PART 4: DIRECTIVE PRINCIPLES OF STATE POLICY,,Article 51,Promotion of international peace and security.
PART 4A: FUNDAMENTAL DUTIES,,Article 51A,Fundamental duties.
PART 5: THE UNION,CHAPTER 1-THE EXECUTIVE,Article 52,The President of India.
PART 5: THE UNION,CHAPTER 1-THE EXECUTIVE,Article 53,Executive power of the Union.
PART 5: THE UNION,CHAPTER 1-THE EXECUTIVE,Article 54,Election of President.
PART 5: THE UNION,CHAPTER 1-THE EXECUTIVE,Article 55,Manner of election of President.
PART 5: THE UNION,CHAPTER 1-THE EXECUTIVE,Article 56,Term of office of President.
PART 5: THE UNION,CHAPTER 1-THE EXECUTIVE,Article 57,Eligibility for re-election.
PART 5: THE UNION,CHAPTER 1-THE EXECUTIVE,Article 58,Qualifications for election as President.
PART 5: THE UNION,CHAPTER 1-THE EXECUTIVE,Article 59,Conditions of President’s office.
PART 5: THE UNION,CHAPTER 1-THE EXECUTIVE,Article 60,Oath or affirmation by the President.
PART 5: THE UNION,CHAPTER 1-THE EXECUTIVE,Article 61,Procedure for impeachment of the President.
PART 5: THE UNION,CHAPTER 1-THE EXECUTIVE,Article 62,Time of holding election to fill vacancy in the office of President and the term of office of person elected to fill casual vacancy.
PART 5: THE UNION,CHAPTER 1-THE EXECUTIVE,Article 63,The Vice-President of India.
PART 5: THE UNION,CHAPTER 1-THE EXECUTIVE,Article 64,The Vice-President to be ex officio Chairman of the Council of States.
PART 5: THE UNION,CHAPTER 1-THE EXECUTIVE,Article 65,"The Vice-President to act as President or to discharge his functions during casual vacancies in the office, or during the absence, of President."
PART 5: THE UNION,CHAPTER 1-THE EXECUTIVE,Article 66,Election of Vice-President.
PART 5: THE UNION,CHAPTER 1-THE EXECUTIVE,Article 67,Term of office of Vice-President.
PART 5: THE UNION,CHAPTER 1-THE EXECUTIVE,Article 68,Time of holding election to fill vacancy in the office of Vice-President and the term of office of person elected to fill casual vacancy.
PART 5: THE UNION,CHAPTER 1-THE EXECUTIVE,Article 69,Oath or affirmation by the Vice-President.
PART 5: THE UNION,CHAPTER 1-THE EXECUTIVE,Article 70,Discharge of President’s functions in other contingencies.
PART 5: THE UNION,CHAPTER 1-THE EXECUTIVE,Article 71,"Matters relating to, or connected with, the election of a President or Vice-President."
PART 5: THE UNION,CHAPTER 1-THE EXECUTIVE,Article 72,"Power of President to grant pardons, etc., and to suspend, remit or commute sentences in certain cases."
PART 5: THE UNION,CHAPTER 1-THE EXECUTIVE,Article 73,Extent of executive power of the Union.
PART 5: THE UNION,CHAPTER 1-THE EXECUTIVE,Article 74,Council of Ministers to aid and advise President.
PART 5: THE UNION,CHAPTER 1-THE EXECUTIVE,Article 75,Other provisions as to Ministers.
PART 5: THE UNION,CHAPTER 1-THE EXECUTIVE,Article 76,Attorney-General for India.
PART 5: THE UNION,CHAPTER 1-THE EXECUTIVE,Article 77,Conduct of business of the Government of India.
PART 5: THE UNION,CHAPTER 1-THE EXECUTIVE,Article 78,"Duties of Prime Minister as respects the furnishing of information to the President, etc."
PART 5: THE UNION,CHAPTER 2-PARLIAMENT,Article 79,Constitution of Parliament.
PART 5: THE UNION,CHAPTER 2-PARLIAMENT,Article 80,Composition of the Council of States.
PART 5: THE UNION,CHAPTER 2-PARLIAMENT,Article 81,Composition of the House of the People.
PART 5: THE UNION,CHAPTER 2-PARLIAMENT,Article 82,Readjustment after each census.
PART 5: THE UNION,CHAPTER 2-PARLIAMENT,Article 83,Duration of Houses of Parliament.
PART 5: THE UNION,CHAPTER 2-PARLIAMENT,Article 84,Qualification for membership of Parliament.
PART 5: THE UNION,CHAPTER 2-PARLIAMENT,Article 85,"Sessions of Parliament, prorogation and dissolution."
PART 5: THE UNION,CHAPTER 2-PARLIAMENT,Article 86,Right of President to address and send messages to Houses.
PART 5: THE UNION,CHAPTER 2-PARLIAMENT,Article 87,Special address by the President.
PART 5: THE UNION,CHAPTER 2-PARLIAMENT,Article 88,Rights of Ministers and Attorney-General as respects Houses.
PART 5: THE UNION,CHAPTER 2-PARLIAMENT,Article 89,The Chairman and Deputy Chairman of the Council of States.
PART 5: THE UNION,CHAPTER 2-PARLIAMENT,Article 90,"Vacation and resignation of, and removal from, the office of Deputy Chairman."
PART 5: THE UNION,CHAPTER 2-PARLIAMENT,Article 91,"Power of the Deputy Chairman or other person to perform the duties of the office of, or to act as, Chairman."
PART 5: THE UNION,CHAPTER 2-PARLIAMENT,Article 92,The Chairman or the Deputy Chairman not to preside while a resolution for his removal from office is under consideration.
PART 5: THE UNION,CHAPTER 2-PARLIAMENT,Article 93,The Speaker and Deputy Speaker of the House of the People.
PART 5: THE UNION,CHAPTER 2-PARLIAMENT,Article 94,"Vacation and resignation of, and removal from, the offices of Speaker and Deputy Speaker."
PART 5: THE UNION,CHAPTER 2-PARLIAMENT,Article 95,"Power of the Deputy Speaker or other person to perform the duties of the office of, or to act as, Speaker."
PART 5: THE UNION,CHAPTER 2-PARLIAMENT,Article 96,The Speaker or the Deputy Speaker not to preside while a resolution for his removal from office is under consideration.
PART 5: THE UNION,CHAPTER 2-PARLIAMENT,Article 97,Salaries and allowances of the Chairman and Deputy Chairman and the Speaker and Deputy Speaker.
PART 5: THE UNION,CHAPTER 2-PARLIAMENT,Article 98,Secretariat of Parliament.
PART 5: THE UNION,CHAPTER 2-PARLIAMENT,Article 99,Oath or affirmation by members.
PART 5: THE UNION,CHAPTER 2-PARLIAMENT,Article 100,"Voting in Houses, power of Houses to act notwithstanding vacancies and quorum."
PART 5: THE UNION,CHAPTER 2-PARLIAMENT,Article 101,Vacation of seats.
PART 5: THE UNION,CHAPTER 2-PARLIAMENT,Article 102,Disqualifications for membership.
PART 5: THE UNION,CHAPTER 2-PARLIAMENT,Article 103,Decision on questions as to disqualifications of members.
PART 5: THE UNION,CHAPTER 2-PARLIAMENT,Article 104,Penalty for sitting and voting before making oath or affirmation under article 99 or when not qualified or when disqualified.
PART 5: THE UNION,CHAPTER 2-PARLIAMENT,Article 105,"Powers, privileges, etc., of the Houses of Parliament and of the members and committees thereof."
PART 5: THE UNION,CHAPTER 2-PARLIAMENT,Article 106,Salaries and allowances of members.
PART 5: THE UNION,CHAPTER 2-PARLIAMENT,Article 107,Provisions as to introduction and passing of Bills.
PART 5: THE UNION,CHAPTER 2-PARLIAMENT,Article 108,Joint sitting of both Houses in certain cases.
PART 5: THE UNION,CHAPTER 2-PARLIAMENT,Article 109,Special procedure in respect of Money Bills.
PART 5: THE UNION,CHAPTER 2-PARLIAMENT,Article 110,Definition of “Money Bills”.
PART 5: THE UNION,CHAPTER 2-PARLIAMENT,Article 111,Assent to Bills.
PART 5: THE UNION,CHAPTER 2-PARLIAMENT,Article 112,Annual financial statement.
PART 5: THE UNION,CHAPTER 2-PARLIAMENT,Article 113,Procedure in Parliament with respect to estimates.
PART 5: THE UNION,CHAPTER 2-PARLIAMENT,Article 114,Appropriation Bills.
PART 5: THE UNION,CHAPTER 2-PARLIAMENT,Article 115,"Supplementary, additional or excess grants."
PART 5: THE UNION,CHAPTER 2-PARLIAMENT,Article 116,"Votes on account, votes of credit and exceptional grants."
PART 5: THE UNION,CHAPTER 2-PARLIAMENT,Article 117,Special provisions as to financial Bills.
PART 5: THE UNION,CHAPTER 2-PARLIAMENT,Article 118,Rules of procedure.
PART 5: THE UNION,CHAPTER 2-PARLIAMENT,Article 119,Regulation by law of procedure in Parliament in relation to financial business.
PART 5: THE UNION,CHAPTER 2-PARLIAMENT,Article 120,Language to be used in Parliament.
PART 5: THE UNION,CHAPTER 2-PARLIAMENT,Article 121,Restriction on discussion in Parliament.
PART 5: THE UNION,CHAPTER 2-PARLIAMENT,Article 122,Courts not to inquire into proceedings of Parliament.
PART 5: THE UNION,CHAPTER-3 LEGISLATIVE POWERS OF THE PRESIDENT,Article 123,Power of President to promulgate Ordinances during recess of Parliament.
PART 5: THE UNION,CHAPTER-4 THE UNION JUDICIARY,Article 124,Establishment and constitution of Supreme Court.
PART 5: THE UNION,CHAPTER-4 THE UNION JUDICIARY,Article 124A,National Judicial Appointments Commission.
PART 5: THE UNION,CHAPTER-4 THE UNION JUDICIARY,Article 124B,Functions of Commission.
PART 5: THE UNION,CHAPTER-4 THE UNION JUDICIARY,Article 124C,Power of Parliament to make law.
PART 5: THE UNION,CHAPTER-4 THE UNION JUDICIARY,Article 125,"Salaries, etc., of Judges."
PART 5: THE UNION,CHAPTER-4 THE UNION JUDICIARY,Article 126,Appointment of acting Chief Justice.
PART 5: THE UNION,CHAPTER-4 THE UNION JUDICIARY,Article 127,Appointment of ad hoc judges.
PART 5: THE UNION,CHAPTER-4 THE UNION JUDICIARY,Article 128,Attendance of retired Judges at sittings of the Supreme Court.
PART 5: THE UNION,CHAPTER-4 THE UNION JUDICIARY,Article 129,Supreme Court to be a court of record.
PART 5: THE UNION,CHAPTER-4 THE UNION JUDICIARY,Article 130,Seat of Supreme Court.
PART 5: THE UNION,CHAPTER-4 THE UNION JUDICIARY,Article 131,Original jurisdiction of the Supreme Court.
PART 5: THE UNION,CHAPTER-4 THE UNION JUDICIARY,Article 131A,[Omitted.]
PART 5: THE UNION,CHAPTER-4 THE UNION JUDICIARY,Article 132,Appellate jurisdiction of Supreme Court in appeals from High Courts in certain cases.
PART 5: THE UNION,CHAPTER-4 THE UNION JUDICIARY,Article 133,Appellate jurisdiction of Supreme Court in appeals from High Courts in regard to civil matters.
PART 5: THE UNION,CHAPTER-4 THE UNION JUDICIARY,Article 134,Appellate jurisdiction of Supreme Court in regard to criminal matters.
PART 5: THE UNION,CHAPTER-4 THE UNION JUDICIARY,Article 134A,Certificate for appeal to the Supreme Court.
PART 5: THE UNION,CHAPTER-4 THE UNION JUDICIARY,Article 135,Jurisdiction and powers of the Federal Court under existing law to be exercisable by the Supreme Court.
PART 5: THE UNION,CHAPTER-4 THE UNION JUDICIARY,Article 136,Special leave to appeal by the Supreme Court.
PART 5: THE UNION,CHAPTER-4 THE UNION JUDICIARY,Article 137,Review of judgments or orders by the Supreme Court.
PART 5: THE UNION,CHAPTER-4 THE UNION JUDICIARY,Article 138,Enlargement of the jurisdiction of the Supreme Court.
PART 5: THE UNION,CHAPTER-4 THE UNION JUDICIARY,Article 139,Conferment on the Supreme Court of powers to issue certain writs.
PART 5: THE UNION,CHAPTER-4 THE UNION JUDICIARY,Article 139A,Transfer of certain cases.
PART 5: THE UNION,CHAPTER-4 THE UNION JUDICIARY,Article 140,Ancillary powers of Supreme Court.
PART 5: THE UNION,CHAPTER-4 THE UNION JUDICIARY,Article 141,Law declared by Supreme Court to be binding on all courts.
PART 5: THE UNION,CHAPTER-4 THE UNION JUDICIARY,Article 142,"Enforcement of decrees and orders of Supreme Court and orders as to discovery, etc."
PART 5: THE UNION,CHAPTER-4 THE UNION JUDICIARY,Article 143,Power of President to consult Supreme Court.
PART 5: THE UNION,CHAPTER-4 THE UNION JUDICIARY,Article 144,Civil and judicial authorities to act in aid of the Supreme Court.
PART 5: THE UNION,CHAPTER-4 THE UNION JUDICIARY,Article 144A,[Omitted.]
PART 5: THE UNION,CHAPTER-4 THE UNION JUDICIARY,Article 145,"Rules of Court, etc."
PART 5: THE UNION,CHAPTER-4 THE UNION JUDICIARY,Article 146,Officers and servants and the expenses of the Supreme Court.
PART 5: THE UNION,CHAPTER-4 THE UNION JUDICIARY,Article 147,Interpretation.
PART 5: THE UNION,CHAPTER-5: COMPTROLLER AND AUDITOR GENERAL OF INDIA,Article 148,Comptroller and Auditor-General of India.
PART 5: THE UNION,CHAPTER-5: COMPTROLLER AND AUDITOR GENERAL OF INDIA,Article 149,Duties and powers of the Comptroller and Auditor-General.
PART 5: THE UNION,CHAPTER-5: COMPTROLLER AND AUDITOR GENERAL OF INDIA,Article 150,Form of accounts of the Union and of the States.
PART 5: THE UNION,CHAPTER-5: COMPTROLLER AND AUDITOR GENERAL OF INDIA,Article 151,Audit reports.
PART 6: THE STATES,CHAPTER-1: GENERAL,Article 152,Definition.
PART 6: THE STATES,CHAPTER-2: THE EXECUTIVE,Article 153,Governors of States.
PART 6: THE STATES,CHAPTER-2: THE EXECUTIVE,Article 154,Executive power of State.
PART 6: THE STATES,CHAPTER-2: THE EXECUTIVE,Article 155,Appointment of Governor.
PART 6: THE STATES,CHAPTER-2: THE EXECUTIVE,Article 156,Term of office of Governor.
PART 6: THE STATES,CHAPTER-2: THE EXECUTIVE,Article 157,Qualifications for appointment as Governor.
PART 6: THE STATES,CHAPTER-2: THE EXECUTIVE,Article 158,Conditions of Governor’s office.
PART 6: THE STATES,CHAPTER-2: THE EXECUTIVE,Article 159,Oath or affirmation by the Governor.
PART 6: THE STATES,CHAPTER-2: THE EXECUTIVE,Article 160,Discharge of the functions of the Governor in certain contingencies.
PART 6: THE STATES,CHAPTER-2: THE EXECUTIVE,Article 161,"Power of Governor to grant pardons, etc., and to suspend, remit or commute sentences in certain cases."
PART 6: THE STATES,CHAPTER-2: THE EXECUTIVE,Article 162,Extent of executive power of State.
PART 6: THE STATES,CHAPTER-2: THE EXECUTIVE,Article 163,Council of Ministers to aid and advise Governor.
PART 6: THE STATES,CHAPTER-2: THE EXECUTIVE,Article 164,Other provisions as to Ministers.
PART 6: THE STATES,CHAPTER-2: THE EXECUTIVE,Article 165,Advocate-General for the State.
PART 6: THE STATES,CHAPTER-2: THE EXECUTIVE,Article 166,Conduct of business of the Government of a State.
PART 6: THE STATES,CHAPTER-2: THE EXECUTIVE,Article 167,"Duties of Chief Minister as respects the furnishing of information to Governor, etc."
PART 6: THE STATES,CHAPTER-3: THE STATE LEGISLATURE,Article 168,Constitution of Legislatures in States.
PART 6: THE STATES,CHAPTER-3: THE STATE LEGISLATURE,Article 169,Abolition or creation of Legislative Councils in States.
PART 6: THE STATES,CHAPTER-3: THE STATE LEGISLATURE,Article 170,Composition of the Legislative Assemblies.
PART 6: THE STATES,CHAPTER-3: THE STATE LEGISLATURE,Article 171,Composition of the Legislative Councils.
PART 6: THE STATES,CHAPTER-3: THE STATE LEGISLATURE,Article 172,Duration of State Legislatures.
PART 6: THE STATES,CHAPTER-3: THE STATE LEGISLATURE,Article 173,Qualification for membership of the State Legislature.
PART 6: THE STATES,CHAPTER-3: THE STATE LEGISLATURE,Article 174,"Sessions of the State Legislature, prorogation and dissolution."
PART 6: THE STATES,CHAPTER-3: THE STATE LEGISLATURE,Article 175,Right of Governor to address and send messages to the House or Houses.
PART 6: THE STATES,CHAPTER-3: THE STATE LEGISLATURE,Article 176,Special address by the Governor.
PART 6: THE STATES,CHAPTER-3: THE STATE LEGISLATURE,Article 177,Rights of Ministers and Advocate-General as respects the Houses.
PART 6: THE STATES,CHAPTER-3: THE STATE LEGISLATURE,Article 178,The Speaker and Deputy Speaker of the Legislative Assembly.
PART 6: THE STATES,CHAPTER-3: THE STATE LEGISLATURE,Article 179,"Vacation and resignation of, and removal from, the offices of Speaker and Deputy Speaker."
PART 6: THE STATES,CHAPTER-3: THE STATE LEGISLATURE,Article 180,"Power of the Deputy Speaker or other person to perform the duties of the office of, or to act as, Speaker."
PART 6: THE STATES,CHAPTER-3: THE STATE LEGISLATURE,Article 181,The Speaker or the Deputy Speaker not to preside while a resolution for his removal from office is under consideration.
PART 6: THE STATES,CHAPTER-3: THE STATE LEGISLATURE,Article 182,The Chairman and Deputy Chairman of the Legislative Council.
PART 6: THE STATES,CHAPTER-3: THE STATE LEGISLATURE,Article 183,"Vacation and resignation of, and removal from, the offices of Chairman and Deputy Chairman."
PART 6: THE STATES,CHAPTER-3: THE STATE LEGISLATURE,Article 184,"Power of the Deputy Chairman or other person to perform the duties of the office of, or to act as, Chairman."
PART 6: THE STATES,CHAPTER-3: THE STATE LEGISLATURE,Article 185,The Chairman or the Deputy Chairman not to preside while a resolution for his removal from office is under consideration.
PART 6: THE STATES,CHAPTER-3: THE STATE LEGISLATURE,Article 186,Salaries and allowances of the Speaker and Deputy Speaker and the Chairman and Deputy Chairman.
PART 6: THE STATES,CHAPTER-3: THE STATE LEGISLATURE,Article 187,Secretariat of State Legislature.
PART 6: THE STATES,CHAPTER-3: THE STATE LEGISLATURE,Article 188,Oath or affirmation by members.
PART 6: THE STATES,CHAPTER-3: THE STATE LEGISLATURE,Article 189,"Voting in Houses, power of Houses to act notwithstanding vacancies and quorum."
PART 6: THE STATES,CHAPTER-3: THE STATE LEGISLATURE,Article 190,Vacation of seats.
PART 6: THE STATES,CHAPTER-3: THE STATE LEGISLATURE,Article 191,Disqualifications for membership.
PART 6: THE STATES,CHAPTER-3: THE STATE LEGISLATURE,Article 192,Decision on questions as to disqualifications of members.
PART 6: THE STATES,CHAPTER-3: THE STATE LEGISLATURE,Article 193,Penalty for sitting and voting before making oath or affirmation under article 188 or when not qualified or when disqualified.
PART 6: THE STATES,CHAPTER-3: THE STATE LEGISLATURE,Article 194,"Powers, privileges, etc., of the Houses of Legislatures and of the members and committees thereof."
PART 6: THE STATES,CHAPTER-3: THE STATE LEGISLATURE,Article 195,Salaries and allowances of members.
PART 6: THE STATES,CHAPTER-3: THE STATE LEGISLATURE,Article 196,Provisions as to introduction and passing of Bills.
PART 6: THE STATES,CHAPTER-3: THE STATE LEGISLATURE,Article 197,Restriction on powers of Legislative Council as to Bills other than Money Bills.
PART 6: THE STATES,CHAPTER-3: THE STATE LEGISLATURE,Article 198,Special procedure in respect of Money Bills.
PART 6: THE STATES,CHAPTER-3: THE STATE LEGISLATURE,Article 199,Definition of “Money Bills”.
PART 6: THE STATES,CHAPTER-3: THE STATE LEGISLATURE,Article 200,Assent to Bills.
PART 6: THE STATES,CHAPTER-3: THE STATE LEGISLATURE,Article 201,Bills reserved for consideration.
PART 6: THE STATES,CHAPTER-3: THE STATE LEGISLATURE,Article 202,Annual financial statement.
PART 6: THE STATES,CHAPTER-3: THE STATE LEGISLATURE,Article 203,Procedure in Legislature with respect to estimates.
PART 6: THE STATES,CHAPTER-3: THE STATE LEGISLATURE,Article 204,Appropriation Bills.
PART 6: THE STATES,CHAPTER-3: THE STATE LEGISLATURE,Article 205,"Supplementary, additional or excess grants."
PART 6: THE STATES,CHAPTER-3: THE STATE LEGISLATURE,Article 206,"Votes on account, votes of credit and exceptional grants."
PART 6: THE STATES,CHAPTER-3: THE STATE LEGISLATURE,Article 207,Special provisions as to financial Bills.
PART 6: THE STATES,CHAPTER-3: THE STATE LEGISLATURE,Article 208,Rules of procedure.
PART 6: THE STATES,CHAPTER-3: THE STATE LEGISLATURE,Article 209,Regulation by law of procedure in the Legislature of the State in relation to financial business.
PART 6: THE STATES,CHAPTER-3: THE STATE LEGISLATURE,Article 210,Language to be used in the Legislature.
PART 6: THE STATES,CHAPTER-3: THE STATE LEGISLATURE,Article 211,Restriction on discussion in the Legislature.
PART 6: THE STATES,CHAPTER-3: THE STATE LEGISLATURE,Article 212,Courts not to inquire into proceedings of the Legislature.
PART 6: THE STATES,CHAPTER-4: LEGISLATIVE POWER OF THE GOVERNOR,Article 213,Power of Governor to promulgate Ordinances during recess of Legislature.
PART 6: THE STATES,CHAPTER-5: THE HIGH COURTS IN THE STATES,Article 214,High Courts for States.
PART 6: THE STATES,CHAPTER-5: THE HIGH COURTS IN THE STATES,Article 215,High Courts to be courts of record.
PART 6: THE STATES,CHAPTER-5: THE HIGH COURTS IN THE STATES,Article 216,Constitution of High Courts.
PART 6: THE STATES,CHAPTER-5: THE HIGH COURTS IN THE STATES,Article 217,Appointment and conditions of the office of a Judge of a High Court.
PART 6: THE STATES,CHAPTER-5: THE HIGH COURTS IN THE STATES,Article 218,Application of certain provisions relating to Supreme Court to High Courts.
PART 6: THE STATES,CHAPTER-5: THE HIGH COURTS IN THE STATES,Article 219,Oath or affirmation by Judges of High Courts.
PART 6: THE STATES,CHAPTER-5: THE HIGH COURTS IN THE STATES,Article 220,Restriction on practice after being a permanent Judge.
PART 6: THE STATES,CHAPTER-5: THE HIGH COURTS IN THE STATES,Article 221,"Salaries, etc., of Judges."
PART 6: THE STATES,CHAPTER-5: THE HIGH COURTS IN THE STATES,Article 222,Transfer of a Judge from one High Court to another.
PART 6: THE STATES,CHAPTER-5: THE HIGH COURTS IN THE STATES,Article 223,Appointment of acting Chief Justice.
PART 6: THE STATES,CHAPTER-5: THE HIGH COURTS IN THE STATES,Article 224,Appointment of additional and acting Judges.
PART 6: THE STATES,CHAPTER-5: THE HIGH COURTS IN THE STATES,Article 224A,Appointment of retired Judges at sittings of High Courts.
PART 6: THE STATES,CHAPTER-5: THE HIGH COURTS IN THE STATES,Article 225,Jurisdiction of existing High Courts.
PART 6: THE STATES,CHAPTER-5: THE HIGH COURTS IN THE STATES,Article 226,Power of High Courts to issue certain writs.
PART 6: THE STATES,CHAPTER-5: THE HIGH COURTS IN THE STATES,Article 226A,[Omitted]
PART 6: THE STATES,CHAPTER-5: THE HIGH COURTS IN THE STATES,Article 227,Power of superintendence over all courts by the High Court.
PART 6: THE STATES,CHAPTER-5: THE HIGH COURTS IN THE STATES,Article 228,Transfer of certain cases to High Court.
PART 6: THE STATES,CHAPTER-5: THE HIGH COURTS IN THE STATES,Article 228A,[Omitted .]
PART 6: THE STATES,CHAPTER-5: THE HIGH COURTS IN THE STATES,Article 229,Officers and servants and the expenses of High Courts.
PART 6: THE STATES,CHAPTER-5: THE HIGH COURTS IN THE STATES,Article 230,Extension of jurisdiction of High Courts to Union territories.
PART 6: THE STATES,CHAPTER-5: THE HIGH COURTS IN THE STATES,Article 231,Establishment of a common High Court for two or more States.
PART 6: THE STATES,CHAPTER-6: SUBORDINATE COURTS,Article 232,[Omitted .] (7th Amendment)
PART 6: THE STATES,CHAPTER-6: SUBORDINATE COURTS,Article 233,Appointment of district judges.
PART 6: THE STATES,CHAPTER-6: SUBORDINATE COURTS,Article 233,"Validation of appointments of, and judgments, etc., delivered by, certain district judges."
PART 6: THE STATES,CHAPTER-6: SUBORDINATE COURTS,Article 234,Recruitment of persons other than district judges to the judicial service.
PART 6: THE STATES,CHAPTER-6: SUBORDINATE COURTS,Article 235,Control over subordinate courts.
PART 6: THE STATES,CHAPTER-6: SUBORDINATE COURTS,Article 236,Interpretation.
PART 6: THE STATES,CHAPTER-6: SUBORDINATE COURTS,Article 237,Application of the provisions of this Chapter to certain class or classes of magistrates.
PART 7: THE STATES IN PART B OF THE FIRST SCHEDULE,,Article 238,[Omitted]
PART 8: THE UNION TERRITORIES,,Article 239,Administration of Union territories.
PART 8: THE UNION TERRITORIES,,Article 239A,Creation of local Legislatures or Council of Ministers or both for certain Union territories.
PART 8: THE UNION TERRITORIES,,Article 239AA,Special provisions with respect to Delhi.
PART 8: THE UNION TERRITORIES,,Article 239AB,Provision in case of failure of constitutional machinery.
PART 8: THE UNION TERRITORIES,,Article 239B,Power of administrator to promulgate Ordinances during recess of Legislature.
PART 8: THE UNION TERRITORIES,,Article 240,Power of President to make regulations for certain Union territories.
PART 8: THE UNION TERRITORIES,,Article 241,High Courts for Union territories.
PART 8: THE UNION TERRITORIES,,Article 242,[Omitted .]
PART 9: THE PANCHAYATS,,Article 243,Definitions.
PART 9: THE PANCHAYATS,,Article 243A,Gram Sabha.
PART 9: THE PANCHAYATS,,Article 243B,Constitution of Panchayats.
PART 9: THE PANCHAYATS,,Article 243C,Composition of Panchayats
PART 9: THE PANCHAYATS,,Article 243D,Reservation of seats.
PART 9: THE PANCHAYATS,,Article 243E,"Duration of Panchayats, etc."
PART 9: THE PANCHAYATS,,Article 243F,Disqualifications for membership.
PART 9: THE PANCHAYATS,,Article 243G,"Powers, authority and responsibilities of Panchayats."
PART 9: THE PANCHAYATS,,Article 243H,"Powers to impose taxes by, and Funds of, the Panchayats."
PART 9: THE PANCHAYATS,,Article 243I,Constitution of Finance Commission to review financial position.
PART 9: THE PANCHAYATS,,Article 243J,Audit of accounts of Panchayats.
PART 9: THE PANCHAYATS,,Article 243K,Elections to the Panchayats.
PART 9: THE PANCHAYATS,,Article 243L,Application to Union territories.
PART 9: THE PANCHAYATS,,Article 243M,Part not to apply to certain areas.
PART 9: THE PANCHAYATS,,Article 243N,Continuance of existing laws and Panchayats.
PART 9: THE PANCHAYATS,,Article 243O,Bar to interference by courts in electoral matters
PART 9A: THE MUNICIPALITIES,,Article 243P,Definitions.
PART 9A: THE MUNICIPALITIES,,Article 243Q,Constitution of Municipalities.
PART 9A: THE MUNICIPALITIES,,Article 243R,Composition of Municipalities.
PART 9A: THE MUNICIPALITIES,,Article 243S,"Constitution and composition of Wards Committees, etc."
PART 9A: THE MUNICIPALITIES,,Article 243T,Reservation of seats.
PART 9A: THE MUNICIPALITIES,,Article 243U,"Duration of Municipalities, etc."
PART 9A: THE MUNICIPALITIES,,Article 243V,Disqualifications for membership.
PART 9A: THE MUNICIPALITIES,,Article 243W,"Powers, authority and responsibilities of Municipalities, etc."
PART 9A: THE MUNICIPALITIES,,Article 243X,"Power to impose taxes by, and Funds of, the Municipalities."
PART 9A: THE MUNICIPALITIES,,Article 243Y,Finance Commission.
PART 9A: THE MUNICIPALITIES,,Article 243Z,Audit of accounts of Municipalities.
PART 9A: THE MUNICIPALITIES,,Article 243ZA,Elections to the Municipalities.
PART 9A: THE MUNICIPALITIES,,Article 243ZB,Application to Union territories.
PART 9A: THE MUNICIPALITIES,,Article 243ZC,Part not to apply to certain areas.
PART 9A: THE MUNICIPALITIES,,Article 243ZD,Committee for district planning.
PART 9A: THE MUNICIPALITIES,,Article 243ZE,Committee for Metropolitan planning.
PART 9A: THE MUNICIPALITIES,,Article 243ZF,Continuance of existing laws and Municipalities.
PART 9A: THE MUNICIPALITIES,,Article 243ZG,Bar to interference by courts in electoral matters.
PART 9B: THE CO-OPERATIVE SOCIETIES,,Article 243ZH,Definitions.
PART 9B: THE CO-OPERATIVE SOCIETIES,,Article 243ZI,Incorporation of co-operative societies.
PART 9B: THE CO-OPERATIVE SOCIETIES,,Article 243ZJ,Number and term of members of board and its office bearers.
PART 9B: THE CO-OPERATIVE SOCIETIES,,Article 243ZK,Election of members of board.
PART 9B: THE CO-OPERATIVE SOCIETIES,,Article 243ZL,Supersession and suspension of board and interim management.
PART 9B: THE CO-OPERATIVE SOCIETIES,,Article 243ZM,Audit of accounts of co-operative societies.
PART 9B: THE CO-OPERATIVE SOCIETIES,,Article 243ZN,Convening of general body meetings.
PART 9B: THE CO-OPERATIVE SOCIETIES,,Article 243ZO,Right of a member to get information.
PART 9B: THE CO-OPERATIVE SOCIETIES,,Article 243ZP,Returns.
PART 9B: THE CO-OPERATIVE SOCIETIES,,Article 243ZQ,Offences and penalties.
PART 9B: THE CO-OPERATIVE SOCIETIES,,Article 243ZR,Application to multi-State co-operative societies.
PART 9B: THE CO-OPERATIVE SOCIETIES,,Article 243ZS,Application to Union territories.
PART 9B: THE CO-OPERATIVE SOCIETIES,,Article 243ZT,Continuance of existing laws.
PART 10: THE SCHEDULED AND TRIBAL AREAS,,Article 244,Administration of Scheduled Areas and Tribal Areas.
PART 10: THE SCHEDULED AND TRIBAL AREAS,,Article 244A,Formation of an autonomous State comprising certain tribal areas in Assam and creation of local Legislature or Council of Ministers or both therefor.
PART 11: RELATIONS BETWEEN THE UNION AND THE STATES,CHAPTER-1: LEGISLATIVE RELATIONS,Article 245,Extent of laws made by Parliament and by the Legislatures of States.
PART 11: RELATIONS BETWEEN THE UNION AND THE STATES,CHAPTER-1: LEGISLATIVE RELATIONS,Article 246,Subject-matter of laws made by Parliament and by the Legislatures of States.
PART 11: RELATIONS BETWEEN THE UNION AND THE STATES,CHAPTER-1: LEGISLATIVE RELATIONS,Article 247,Power of Parliament to provide for the establishment of certain additional courts.
PART 11: RELATIONS BETWEEN THE UNION AND THE STATES,CHAPTER-1: LEGISLATIVE RELATIONS,Article 248,Residuary powers of legislation.
PART 11: RELATIONS BETWEEN THE UNION AND THE STATES,CHAPTER-1: LEGISLATIVE RELATIONS,Article 249,Power of Parliament to legislate with respect to a matter in the State List in the national interest.
PART 11: RELATIONS BETWEEN THE UNION AND THE STATES,CHAPTER-1: LEGISLATIVE RELATIONS,Article 250,Power of Parliament to legislate with respect to any matter in the State List if a Proclamation of Emergency is in operation.
PART 11: RELATIONS BETWEEN THE UNION AND THE STATES,CHAPTER-1: LEGISLATIVE RELATIONS,Article 251,Inconsistency between laws made by Parliament under articles 249 and 250 and laws made by the Legislatures of States.
PART 11: RELATIONS BETWEEN THE UNION AND THE STATES,CHAPTER-1: LEGISLATIVE RELATIONS,Article 252,Power of Parliament to legislate for two or more States by consent and adoption of such legislation by any other State.
PART 11: RELATIONS BETWEEN THE UNION AND THE STATES,CHAPTER-1: LEGISLATIVE RELATIONS,Article 253,Legislation for giving effect to international agreements.
PART 11: RELATIONS BETWEEN THE UNION AND THE STATES,CHAPTER-1: LEGISLATIVE RELATIONS,Article 254,Inconsistency between laws made by Parliament and laws made by the Legislatures of States.
PART 11: RELATIONS BETWEEN THE UNION AND THE STATES,CHAPTER-1: LEGISLATIVE RELATIONS,Article 255,Requirements as to recommendations and previous sanctions to be regarded as matters of procedure only.
PART 11: RELATIONS BETWEEN THE UNION AND THE STATES,CHAPTER-2: ADMINISTRATIVE RELATIONS,Article 256,Obligation of States and the Union.
PART 11: RELATIONS BETWEEN THE UNION AND THE STATES,CHAPTER-2: ADMINISTRATIVE RELATIONS,Article 257,Control of the Union over States in certain cases.
PART 11: RELATIONS BETWEEN THE UNION AND THE STATES,CHAPTER-2: ADMINISTRATIVE RELATIONS,Article 257A,[Omitted .]
PART 11: RELATIONS BETWEEN THE UNION AND THE STATES,CHAPTER-2: ADMINISTRATIVE RELATIONS,Article 258,"Power of the Union to confer powers, etc., on States in certain cases."
PART 11: RELATIONS BETWEEN THE UNION AND THE STATES,CHAPTER-2: ADMINISTRATIVE RELATIONS,Article 258A,Power of the States to entrust functions to the Union.
PART 11: RELATIONS BETWEEN THE UNION AND THE STATES,CHAPTER-2: ADMINISTRATIVE RELATIONS,Article 259,[Omitted .]
PART 11: RELATIONS BETWEEN THE UNION AND THE STATES,CHAPTER-2: ADMINISTRATIVE RELATIONS,Article 260,Jurisdiction of the Union in relation to territories outside India.
PART 11: RELATIONS BETWEEN THE UNION AND THE STATES,CHAPTER-2: ADMINISTRATIVE RELATIONS,Article 261,"Public acts, records and judicial proceedings."
PART 11: RELATIONS BETWEEN THE UNION AND THE STATES,CHAPTER-2: ADMINISTRATIVE RELATIONS,Article 262,Adjudication of disputes relating to waters of inter-State rivers or river valleys.
PART 11: RELATIONS BETWEEN THE UNION AND THE STATES,CHAPTER-2: ADMINISTRATIVE RELATIONS,Article 263,Provisions with respect to an inter-State Council.
"PART 12: FINANCE, PROPERTY, CONTRACTS AND SUITS",CHAPTER-1: FINANCE,Article 264,Interpretation.
"PART 12: FINANCE, PROPERTY, CONTRACTS AND SUITS",CHAPTER-1: FINANCE,Article 265,Taxes not to be imposed save by authority of law.
"PART 12: FINANCE, PROPERTY, CONTRACTS AND SUITS",CHAPTER-1: FINANCE,Article 266,Consolidated Funds and public accounts of India and of the States.
"PART 12: FINANCE, PROPERTY, CONTRACTS AND SUITS",CHAPTER-1: FINANCE,Article 267,Contingency Fund.
"PART 12: FINANCE, PROPERTY, CONTRACTS AND SUITS",CHAPTER-1: FINANCE,Article 268,Duties levied by the Union but collected and appropriated by the State.
"PART 12: FINANCE, PROPERTY, CONTRACTS AND SUITS",CHAPTER-1: FINANCE,Article 268A,[Omitted]
"PART 12: FINANCE, PROPERTY, CONTRACTS AND SUITS",CHAPTER-1: FINANCE,Article 269,Taxes levied and collected by the Union but assigned to the States.
"PART 12: FINANCE, PROPERTY, CONTRACTS AND SUITS",CHAPTER-1: FINANCE,Article 270,Taxes levied and distributed between the Union and the States.
"PART 12: FINANCE, PROPERTY, CONTRACTS AND SUITS",CHAPTER-1: FINANCE,Article 271,Surcharge on certain duties and taxes for purposes of the Union.
"PART 12: FINANCE, PROPERTY, CONTRACTS AND SUITS",CHAPTER-1: FINANCE,Article 272,[Omitted.]
"PART 12: FINANCE, PROPERTY, CONTRACTS AND SUITS",CHAPTER-1: FINANCE,Article 273,Grants in lieu of export duty on jute and jute products.
"PART 12: FINANCE, PROPERTY, CONTRACTS AND SUITS",CHAPTER-1: FINANCE,Article 274,Prior recommendation of President required to Bills affecting taxation in which States are interested.
"PART 12: FINANCE, PROPERTY, CONTRACTS AND SUITS",CHAPTER-1: FINANCE,Article 275,Grants from the Union to certain States.
"PART 12: FINANCE, PROPERTY, CONTRACTS AND SUITS",CHAPTER-1: FINANCE,Article 276,"Taxes on professions, trades, callings and employments."
"PART 12: FINANCE, PROPERTY, CONTRACTS AND SUITS",CHAPTER-1: FINANCE,Article 277,Savings.
"PART 12: FINANCE, PROPERTY, CONTRACTS AND SUITS",CHAPTER-1: FINANCE,Article 278,[Omitted.]
"PART 12: FINANCE, PROPERTY, CONTRACTS AND SUITS",CHAPTER-1: FINANCE,Article 279,"Calculation of “net proceeds”, etc."
"PART 12: FINANCE, PROPERTY, CONTRACTS AND SUITS",CHAPTER-1: FINANCE,Article 280,Finance Commission.
"PART 12: FINANCE, PROPERTY, CONTRACTS AND SUITS",CHAPTER-1: FINANCE,Article 281,Recommendations of the Finance Commission.
"PART 12: FINANCE, PROPERTY, CONTRACTS AND SUITS",CHAPTER-1: FINANCE,Article 282,Expenditure defrayable by the Union or a State out of its revenues.
"PART 12: FINANCE, PROPERTY, CONTRACTS AND SUITS",CHAPTER-1: FINANCE,Article 283,"Custody, etc., of Consolidated Funds, Contingency Funds and moneys credited to the public accounts."
"PART 12: FINANCE, PROPERTY, CONTRACTS AND SUITS",CHAPTER-1: FINANCE,Article 284,Custody of suitors’ deposits and other moneys received by public servants and courts.
"PART 12: FINANCE, PROPERTY, CONTRACTS AND SUITS",CHAPTER-1: FINANCE,Article 285,Exemption of property of the Union from State taxation.
"PART 12: FINANCE, PROPERTY, CONTRACTS AND SUITS",CHAPTER-1: FINANCE,Article 286,Restrictions as to imposition of tax on the sale or purchase of goods.
"PART 12: FINANCE, PROPERTY, CONTRACTS AND SUITS",CHAPTER-1: FINANCE,Article 287,Exemption from taxes on electricity.
"PART 12: FINANCE, PROPERTY, CONTRACTS AND SUITS",CHAPTER-1: FINANCE,Article 288,Exemption from taxation by States in respect of water or electricity in certain cases.
"PART 12: FINANCE, PROPERTY, CONTRACTS AND SUITS",CHAPTER-1: FINANCE,Article 289,Exemption of property and income of a State from Union taxation.
"PART 12: FINANCE, PROPERTY, CONTRACTS AND SUITS",CHAPTER-1: FINANCE,Article 290,Adjustment in respect of certain expenses and pensions.
"PART 12: FINANCE, PROPERTY, CONTRACTS AND SUITS",CHAPTER-1: FINANCE,Article 290A,Annual payment to certain Devaswom Funds.
"PART 12: FINANCE, PROPERTY, CONTRACTS AND SUITS",CHAPTER-1: FINANCE,Article 291,[Omitted .]
"PART 12: FINANCE, PROPERTY, CONTRACTS AND SUITS",CHAPTER-2: BORROWING,Article 292,Borrowing by the Government of India.
"PART 12: FINANCE, PROPERTY, CONTRACTS AND SUITS",CHAPTER-2: BORROWING,Article 293,Borrowing by States.
"PART 12: FINANCE, PROPERTY, CONTRACTS AND SUITS","CHAPTER-3: PROPERTY, CONTRACTS, RIGHTS, LIABILITIES,OBLIGATIONS AND SUITS",Article 294,"Succession to property, assets, rights, liabilities and obligations in certain cases."
"PART 12: FINANCE, PROPERTY, CONTRACTS AND SUITS","CHAPTER-3: PROPERTY, CONTRACTS, RIGHTS, LIABILITIES,OBLIGATIONS AND SUITS",Article 295,"Succession to property, assets, rights, liabilities and obligations in other cases."
"PART 12: FINANCE, PROPERTY, CONTRACTS AND SUITS","CHAPTER-3: PROPERTY, CONTRACTS, RIGHTS, LIABILITIES,OBLIGATIONS AND SUITS",Article 296,Property accruing by escheat or laps or as bona vacantia.
"PART 12: FINANCE, PROPERTY, CONTRACTS AND SUITS","CHAPTER-3: PROPERTY, CONTRACTS, RIGHTS, LIABILITIES,OBLIGATIONS AND SUITS",Article 297,Things of value within territorial waters or continental shelf and resources of the exclusive economic zone to vest in the Union.
"PART 12: FINANCE, PROPERTY, CONTRACTS AND SUITS","CHAPTER-3: PROPERTY, CONTRACTS, RIGHTS, LIABILITIES,OBLIGATIONS AND SUITS",Article 298,"Power to carry on trade, etc."
"PART 12: FINANCE, PROPERTY, CONTRACTS AND SUITS","CHAPTER-3: PROPERTY, CONTRACTS, RIGHTS, LIABILITIES,OBLIGATIONS AND SUITS",Article 299,Contracts.
"PART 12: FINANCE, PROPERTY, CONTRACTS AND SUITS","CHAPTER-3: PROPERTY, CONTRACTS, RIGHTS, LIABILITIES,OBLIGATIONS AND SUITS",Article 300,Suits and proceedings.
"PART 12: FINANCE, PROPERTY, CONTRACTS AND SUITS",CHAPTER-4: RIGHT TO PROPERTY,Article 300A,Persons not to be deprived of property save by authority of law.
"PART 13: TRADE, COMMERCE AND INTERCOURSE WITHIN THE TERRITORY OF INDIA",,Article 301,"Freedom of trade, commerce and intercourse."
"PART 13: TRADE, COMMERCE AND INTERCOURSE WITHIN THE TERRITORY OF INDIA",,Article 302,"Power of Parliament to impose restrictions on trade, commerce and intercourse."
"PART 13: TRADE, COMMERCE AND INTERCOURSE WITHIN THE TERRITORY OF INDIA",,Article 303,Restrictions on the legislative powers of the Union and of the States with regard to trade and commerce.
"PART 13: TRADE, COMMERCE AND INTERCOURSE WITHIN THE TERRITORY OF INDIA",,Article 304,"Restrictions on trade, commerce and intercourse among States."
"PART 13: TRADE, COMMERCE AND INTERCOURSE WITHIN THE TERRITORY OF INDIA",,Article 305,Saving of existing laws and laws providing for State monopolies.
"PART 13: TRADE, COMMERCE AND INTERCOURSE WITHIN THE TERRITORY OF INDIA",,Article 306,[Omitted .]
"PART 13: TRADE, COMMERCE AND INTERCOURSE WITHIN THE TERRITORY OF INDIA",,Article 307,Appointment of authority for carrying out the purposes of articles 301 to 304.
PART 14: SERVICES UNDER THE UNION AND THE STATES,CHAPTER-1: SERVICES,Article 308,Interpretation.
PART 14: SERVICES UNDER THE UNION AND THE STATES,CHAPTER-1: SERVICES,Article 309,Recruitment and conditions of service of persons serving the Union or a State.
PART 14: SERVICES UNDER THE UNION AND THE STATES,CHAPTER-1: SERVICES,Article 310,Tenure of office of persons serving the Union or a State.
PART 14: SERVICES UNDER THE UNION AND THE STATES,CHAPTER-1: SERVICES,Article 311,"Dismissal, removal or reduction in rank of persons employed in civil capacities under the Union or a State."
PART 14: SERVICES UNDER THE UNION AND THE STATES,CHAPTER-1: SERVICES,Article 312,All-India services.
PART 14: SERVICES UNDER THE UNION AND THE STATES,CHAPTER-1: SERVICES,Article 312A,Power of Parliament to vary or revoke conditions of service of officers of certain services.
PART 14: SERVICES UNDER THE UNION AND THE STATES,CHAPTER-1: SERVICES,Article 313,Transitional provisions.
PART 14: SERVICES UNDER THE UNION AND THE STATES,CHAPTER-1: SERVICES,Article 314,[Omitted .]
PART 14: SERVICES UNDER THE UNION AND THE STATES,CHAPTER-2: PUBLIC SERVICE COMMISSIONS,Article 315,Public Service Commissions for the Union and for the States.
PART 14: SERVICES UNDER THE UNION AND THE STATES,CHAPTER-2: PUBLIC SERVICE COMMISSIONS,Article 316,Appointment and term of office of members.
PART 14: SERVICES UNDER THE UNION AND THE STATES,CHAPTER-2: PUBLIC SERVICE COMMISSIONS,Article 317,Removal and suspension of a member of a Public Service Commission.
PART 14: SERVICES UNDER THE UNION AND THE STATES,CHAPTER-2: PUBLIC SERVICE COMMISSIONS,Article 318,Power to make regulations as to conditions of service of members and staff of the Commission.
PART 14: SERVICES UNDER THE UNION AND THE STATES,CHAPTER-2: PUBLIC SERVICE COMMISSIONS,Article 319,Prohibition as to the holding of offices by members of Commission on ceasing to be such members.
PART 14: SERVICES UNDER THE UNION AND THE STATES,CHAPTER-2: PUBLIC SERVICE COMMISSIONS,Article 320,Functions of Public Service Commissions.
PART 14: SERVICES UNDER THE UNION AND THE STATES,CHAPTER-2: PUBLIC SERVICE COMMISSIONS,Article 321,Power to extend functions of Public Service Commissions.
PART 14: SERVICES UNDER THE UNION AND THE STATES,CHAPTER-2: PUBLIC SERVICE COMMISSIONS,Article 322,Expenses of Public Service Commissions.
PART 14: SERVICES UNDER THE UNION AND THE STATES,CHAPTER-2: PUBLIC SERVICE COMMISSIONS,Article 323,Reports of Public Service Commissions.
PART 14A: TRIBUNALS,,Article 323A,Administrative tribunals.
PART 14A: TRIBUNALS,,Article 323B,Tribunals for other matters.
PART 15: ELECTIONS,,Article 324,"Superintendence, direction and control of elections to be vested in an Election Commission."
PART 15: ELECTIONS,,Article 325,"No person to be ineligible for inclusion in, or to claim to be included in a special, electoral roll on grounds of religion, race, caste or sex."
PART 15: ELECTIONS,,Article 326,Elections to the House of the People and to the Legislative Assemblies of States to be on the basis of adult suffrage.
PART 15: ELECTIONS,,Article 327,Power of Parliament to make provision with respect to elections to Legislatures.
PART 15: ELECTIONS,,Article 328,Power of Legislature of a State to make provision with respect to elections to such Legislature.
PART 15: ELECTIONS,,Article 329,Bar to interference by courts in electoral matters.
PART 15: ELECTIONS,,Article 329A,[Omitted .]
PART 16: SPECIAL PROVISIONS RELATING TO CERTAIN CLASSES,,Article 330,Reservation of seats for Scheduled Castes and Scheduled Tribes in the House of the People.
PART 16: SPECIAL PROVISIONS RELATING TO CERTAIN CLASSES,,Article 331,Representation of the Anglo-Indian community in the House of the People.
PART 16: SPECIAL PROVISIONS RELATING TO CERTAIN CLASSES,,Article 332,Reservation of seats for Scheduled Castes and Scheduled Tribes in the Legislative Assemblies of the States.
PART 16: SPECIAL PROVISIONS RELATING TO CERTAIN CLASSES,,Article 333,Representation of the Anglo-Indian community in the Legislative Assemblies of the States.
PART 16: SPECIAL PROVISIONS RELATING TO CERTAIN CLASSES,,Article 334,Reservation of seats and special representation to cease after seventy years.
PART 16: SPECIAL PROVISIONS RELATING TO CERTAIN CLASSES,,Article 335,Claims of Scheduled Castes and Scheduled Tribes to services and posts.
PART 16: SPECIAL PROVISIONS RELATING TO CERTAIN CLASSES,,Article 336,Special provision for Anglo-Indian community in certain services.
PART 16: SPECIAL PROVISIONS RELATING TO CERTAIN CLASSES,,Article 337,Special provision with respect to educational grants for the benefit of Anglo-Indian Community.
PART 16: SPECIAL PROVISIONS RELATING TO CERTAIN CLASSES,,Article 338,National Commission for Scheduled Castes.
PART 16: SPECIAL PROVISIONS RELATING TO CERTAIN CLASSES,,Article 338A,National Commission for Scheduled Tribes.
PART 16: SPECIAL PROVISIONS RELATING TO CERTAIN CLASSES,,Article 338B,National Commission for Backward Classes.
PART 16: SPECIAL PROVISIONS RELATING TO CERTAIN CLASSES,,Article 339,Control of the Union over the administration of Scheduled Areas and the welfare of Scheduled Tribes.
PART 16: SPECIAL PROVISIONS RELATING TO CERTAIN CLASSES,,Article 340,Appointment of a Commission to investigate the conditions of backward classes.
PART 16: SPECIAL PROVISIONS RELATING TO CERTAIN CLASSES,,Article 341,Scheduled Castes.
PART 16: SPECIAL PROVISIONS RELATING TO CERTAIN CLASSES,,Article 342,Scheduled Tribes.
PART 16: SPECIAL PROVISIONS RELATING TO CERTAIN CLASSES,,Article 342A,Socially and educationally backward classes.
PART 17: OFFICIAL LANGUAGE,CHAPTER-1: LANGUAGE OF THE UNION,Article 343,Official language of the Union.
PART 17: OFFICIAL LANGUAGE,CHAPTER-1: LANGUAGE OF THE UNION,Article 344,Commission and Committee of Parliament on official language.
PART 17: OFFICIAL LANGUAGE,CHAPTER-2: REGIONAL LANGUAGES,Article 345,Official language or languages of a State.
PART 17: OFFICIAL LANGUAGE,CHAPTER-2: REGIONAL LANGUAGES,Article 346,Official language for communication between one State and another or between a State and the Union.
PART 17: OFFICIAL LANGUAGE,CHAPTER-2: REGIONAL LANGUAGES,Article 347,Special provision relating to language spoken by a section of the population of a State.
PART 17: OFFICIAL LANGUAGE,"CHAPTER-3: LANGUAGE OF THE SUPREME COURT, HIGH COURTS, ETC.",Article 348,"Language to be used in the Supreme Court and in the High Courts and for Acts, Bills, etc."
PART 17: OFFICIAL LANGUAGE,"CHAPTER-3: LANGUAGE OF THE SUPREME COURT, HIGH COURTS, ETC.",Article 349,Special procedure for enactment of certain laws relating to language.
PART 17: OFFICIAL LANGUAGE,CHAPTER-4: SPECIAL DIRECTIVES,Article 350,Language to be used in representations for redress of grievances.
PART 17: OFFICIAL LANGUAGE,CHAPTER-4: SPECIAL DIRECTIVES,Article 350A,Facilities for instruction in mother-tongue at primary stage.
PART 17: OFFICIAL LANGUAGE,CHAPTER-4: SPECIAL DIRECTIVES,Article 350B,Special Officer for linguistic minorities.
PART 17: OFFICIAL LANGUAGE,CHAPTER-4: SPECIAL DIRECTIVES,Article 351,Directive for development of the Hindi language.
PART 18: EMERGENCY PROVISIONS,,Article 352,Proclamation of Emergency.
PART 18: EMERGENCY PROVISIONS,,Article 353,Effect of Proclamation of Emergency.
PART 18: EMERGENCY PROVISIONS,,Article 354,Application of provisions relating to distribution of revenues while a Proclamation of Emergency is in operation.
PART 18: EMERGENCY PROVISIONS,,Article 355,Duty of the Union to protect States against external aggression and internal disturbance.
PART 18: EMERGENCY PROVISIONS,,Article 356,Provisions in case of failure of constitutional machinery in States.
PART 18: EMERGENCY PROVISIONS,,Article 357,Exercise of legislative powers under Proclamation issued under article 356.
PART 18: EMERGENCY PROVISIONS,,Article 358,Suspension of provisions of article 19 during emergencies.
PART 18: EMERGENCY PROVISIONS,,Article 359,Suspension of the enforcement of the rights conferred by Part III during emergencies.
PART 18: EMERGENCY PROVISIONS,,Article 359A,359A. [Omitted.]
PART 18: EMERGENCY PROVISIONS,,Article 360,Provisions as to financial emergency.
PART 19: MISCELLANEOUS,,Article 361,Protection of President and Governors and Rajpramukhs.
PART 19: MISCELLANEOUS,,Article 361A,Protection of publication of proceedings of Parliament and State Legislatures.
PART 19: MISCELLANEOUS,,Article 361B,Disqualification for appointment on remunerative political post.
PART 19: MISCELLANEOUS,,Article 362,[Omitted.]
PART 19: MISCELLANEOUS,,Article 363,"Bar to interference by courts in disputes arising out of certain treaties, agreements, etc."
PART 19: MISCELLANEOUS,,Article 363A,Recognition granted to Rulers of Indian States to cease and privy purses to be abolished.
PART 19: MISCELLANEOUS,,Article 364,Special provisions as to major ports and aerodromes.
PART 19: MISCELLANEOUS,,Article 365,"Effect of failure to comply with, or to give effect to, directions given by the Union."
PART 19: MISCELLANEOUS,,Article 366,Definitions.
PART 19: MISCELLANEOUS,,Article 367,Interpretation.
PART 20: AMENDMENT OF THE CONSTITUTION,,Article 368,Power of Parliament to amend the Constitution and procedure therefor.
"PART 21: TEMPORARY, TRANSITIONAL AND SPECIAL PROVISIONS",,Article 369,Temporary power to Parliament to make laws with respect to certain matters in the State List as if they were matters in the Concurrent List.
"PART 21: TEMPORARY, TRANSITIONAL AND SPECIAL PROVISIONS",,Article 370,Temporary provisions with respect to the State of Jammu and Kashmir.
"PART 21: TEMPORARY, TRANSITIONAL AND SPECIAL PROVISIONS",,Article 370,Special provision with respect to the States of Maharashtra and Gujarat.
"PART 21: TEMPORARY, TRANSITIONAL AND SPECIAL PROVISIONS",,Article 371A,Special provision with respect to the State of Nagaland.
"PART 21: TEMPORARY, TRANSITIONAL AND SPECIAL PROVISIONS",,Article 371B,Special provision with respect to the State of Assam.
"PART 21: TEMPORARY, TRANSITIONAL AND SPECIAL PROVISIONS",,Article 371C,Special provision with respect to the State of Manipur.
"PART 21: TEMPORARY, TRANSITIONAL AND SPECIAL PROVISIONS",,Article 371D,Special provisions with respect to the State of Andhra Pradesh or the State of Telangana
"PART 21: TEMPORARY, TRANSITIONAL AND SPECIAL PROVISIONS",,Article 371E,Establishment of Central University in Andhra Pradesh.
"PART 21: TEMPORARY, TRANSITIONAL AND SPECIAL PROVISIONS",,Article 371F,Special provisions with respect to the State of Sikkim.
"PART 21: TEMPORARY, TRANSITIONAL AND SPECIAL PROVISIONS",,Article 371G,Special provision with respect to the State of Mizoram.
"PART 21: TEMPORARY, TRANSITIONAL AND SPECIAL PROVISIONS",,Article 371H,Special provision with respect to the State of Arunachal Pradesh.
"PART 21: TEMPORARY, TRANSITIONAL AND SPECIAL PROVISIONS",,Article 371I,Special provision with respect to the State of Goa.
"PART 21: TEMPORARY, TRANSITIONAL AND SPECIAL PROVISIONS",,Article 371J,Special provisions with respect to the State of Karnataka.
"PART 21: TEMPORARY, TRANSITIONAL AND SPECIAL PROVISIONS",,Article 372,Continuance in force of existing laws and their adaptation.
"PART 21: TEMPORARY, TRANSITIONAL AND SPECIAL PROVISIONS",,Article 372A,Power of the President to adapt laws.
"PART 21: TEMPORARY, TRANSITIONAL AND SPECIAL PROVISIONS",,Article 373,Power of President to make order in respect of persons under preventive detention in certain cases.
"PART 21: TEMPORARY, TRANSITIONAL AND SPECIAL PROVISIONS",,Article 374,Provisions as to Judges of the Federal Court and proceedings pending in the Federal Court or before His Majesty in Council.
"PART 21: TEMPORARY, TRANSITIONAL AND SPECIAL PROVISIONS",,Article 375,"Courts, authorities and officers to continue to function subject to the provisions of the Constitution."
"PART 21: TEMPORARY, TRANSITIONAL AND SPECIAL PROVISIONS",,Article 376,Provisions as to Judges of High Courts.
"PART 21: TEMPORARY, TRANSITIONAL AND SPECIAL PROVISIONS",,Article 377,Provisions as to Comptroller and Auditor-General of India.
"PART 21: TEMPORARY, TRANSITIONAL AND SPECIAL PROVISIONS",,Article 378,Provisions as to Public Service Commissions.
"PART 21: TEMPORARY, TRANSITIONAL AND SPECIAL PROVISIONS",,Article 378A,Special provision as to duration of Andhra Pradesh Legislative Assembly.
"PART 21: TEMPORARY, TRANSITIONAL AND SPECIAL PROVISIONS",,Article 379 to 391,[Omitted.]
"PART 21: TEMPORARY, TRANSITIONAL AND SPECIAL PROVISIONS",,Article 392,Power of the President to remove difficulties.
"PART 22: SHORT TITLE, COMMENCEMENT, AUTHORITATIVE TEXT IN HINDI AND REPEALS",,Article 393,Short title.
"PART 22: SHORT TITLE, COMMENCEMENT, AUTHORITATIVE TEXT IN HINDI AND REPEALS",,Article 394,Commencement.
"PART 22: SHORT TITLE, COMMENCEMENT, AUTHORITATIVE TEXT IN HINDI AND REPEALS",,Article 394A,Authoritative text in the Hindi language.
"PART 22: SHORT TITLE, COMMENCEMENT, AUTHORITATIVE TEXT IN HINDI AND REPEALS",,Article 395,Repeals.
